workerid,prolific_participant_id
308,6652b039261ef03ecb978b4b
319,651b29ff3a6cadf518640abe
283,6584589847e4652b2516d4b3
346,68caa671546d0e948877c7c8
323,6646695b80b6d7713de9ae54
359,697a85e537172eb3d18514ab
337,594fa525f61b8e00016af178
295,68b0e7def7841c429a741b51
331,6663f3b2bc244a2d789b70a3
353,697b3c20bf3657525a1c7a7f
322,6917a2cf720fedffc891356f
314,669a80310e64395f4edd70b6
345,66da00b954451b948f184412
352,69446a93fd1ca45779408e78
296,68cc3fd76ec1829f1041a8de
349,60211a7c07e6f203ccb99231
333,5dcdd11e8f1e3b02ff99dddc
328,6765fe735566533f722ae220
320,68c9a7d2b54d1f6967823097
347,6605c2254e87083454b26f9c
344,68c9efda943abef7da2f7981
360,66107a3619b2031a5256b327
332,6969682819258eddb397598e
289,68c9adf3ce921224388f11f1
312,697342065df9edf9960b5166
350,5a783c5feea3d300016deab8
356,6570824312e21ad0a49858f4
299,66ab42bef7dd185ce15464eb
303,6979e2d199cef7a7ad815efa
290,60cee4ec871f36088fe20ff3
309,5d4017ad4db54a0001fecada
300,657dd710c7afa87088647ea7
286,697ac123d2b5ca740cbb307c
321,6968c8a9b6f4ee4b5ed018a9
315,654d39b35baac47f1e77c160
285,6966ad2fb2de539f555bef75
342,691de2848815af8ad6273379
311,6774158af845217ec857852c
301,5f3c33aded53341b4d51098a
329,66588550e0dd4e41da6cf274
318,68c9b77cb639f18351ede9b9
291,655d44dc7b5bb3ccd359375f
298,676584ffcf840b6fad115c39
317,669177c66d14fd83c2a18125
297,696710444f710ab67dbfef1b
313,65b82cc0849badb85cdf912b
316,5d8cb1c93a7d5c00196eae92
305,67c77e4800b501453f04a4a1
326,696007a3c1b677011cebd75a
292,627bbdcbf1475a64687a8cec
